year,YT
1901,27219
1911,8512
1921,4157
1931,4230
1941,4914
1951,9096
1956,12190
1961,14628
1966,14382
1971,18390
1976,21835
1981,23150
1986,23505
1991,27797
1996,30766
2001,28674
2006,30372
2011,33897
2016,35874
